node_id,rank,host,device_type,batch_size,accum_steps,mean_compute_ms,std_compute_ms,throughput_img_s
lab01,0,iciplab01,2xGPU,32,1,72.647,2.145,440.49
lab01,0,iciplab01,2xGPU,64,1,118.322,2.574,540.90
lab01,0,iciplab01,2xGPU,128,1,205.772,2.862,622.05
lab01,0,iciplab01,2xGPU,192,1,297.784,3.249,644.76
lab01,0,iciplab01,2xGPU,232,1,351.245,4.117,660.51
lab01,0,iciplab01,2xGPU,240,1,363.266,4.307,660.67
lab01,0,iciplab01,2xGPU,256,2,399.208,3.610,641.27
lab01,0,iciplab01,2xGPU,384,3,658.962,57.006,582.73
lab02,1,iciplab02,CPU,8,1,308.676,2.988,25.92
lab02,1,iciplab02,CPU,16,1,601.382,4.062,26.61
lab02,1,iciplab02,CPU,24,1,907.759,5.661,26.44
lab02,1,iciplab02,CPU,32,1,1202.118,6.338,26.62
lab02,1,iciplab02,CPU,48,1,1794.798,6.653,26.74
lab02,1,iciplab02,CPU,64,1,2385.929,9.080,26.82
lab03,2,iciplab03,CPU,8,1,364.030,3.041,21.98
lab03,2,iciplab03,CPU,16,1,706.365,4.703,22.65
lab03,2,iciplab03,CPU,24,1,1053.858,5.645,22.77
lab03,2,iciplab03,CPU,32,1,1411.115,7.045,22.68
lab03,2,iciplab03,CPU,48,1,2126.384,9.859,22.57
lab03,2,iciplab03,CPU,64,1,2849.538,100.030,22.46
lab04,3,iciplab04,CPU,8,1,364.125,3.382,21.97
lab04,3,iciplab04,CPU,16,1,710.730,4.403,22.51
lab04,3,iciplab04,CPU,24,1,1058.377,5.801,22.68
lab04,3,iciplab04,CPU,32,1,1406.215,7.227,22.76
lab04,3,iciplab04,CPU,48,1,2119.778,13.455,22.64
lab04,3,iciplab04,CPU,64,1,2847.096,8.990,22.48
lab05,4,iciplab05,CPU,16,1,215.034,2.785,74.41
lab05,4,iciplab05,CPU,32,1,460.124,4.265,69.55
lab05,4,iciplab05,CPU,48,1,712.661,5.052,67.35
lab05,4,iciplab05,CPU,64,1,972.425,6.001,65.81
lab05,4,iciplab05,CPU,96,1,1482.920,8.340,64.74
lab05,4,iciplab05,CPU,128,1,1995.695,11.213,64.14
